省级,市级,县或区,代码,网盘中是否有省志/市志/地区志/县志/区志,行政区备注,土改时行政区类型,是否经历社会主义改造,是否经历土地改革,是否经历过打土豪分田地(1927年-1938年),是否实施过减租减息(1938年-1945年）,是否经历过没收地主土地分给贫苦农民(1946年-1949年),记录土改信息属于哪一个阶段,不同土改阶段备注,土地占有信息是表格还是文字,土地占有信息文字或表格类型,土地占有信息文字或表格土改前土改后,表格或文字是全县范围还是典型地区,土改信息类型备注,土地改革前土地占有总信息,土改前全县总户数,土改前全县总人数,土改前全县总人数单位,土改前全县土地总面积,土改前全县土地总面积单位,土改前全县户均土地面积,土改前全县人均土地面积,土改前全县总土地占有信息备注,土改前地主户数,土改前地主户数占全县比重(单位：%),土改前地主人数,土改前地主人数占全县比重(单位：%),土改前地主土地面积,土改前地主土地面积占全县比重(单位：%),土改前地主户均土地面积,土改前地主人均土地面积,土改前地主信息备注,土改前工商业资本家户数,土改前工商业资本家户数占全县比重(单位：%),土改前工商业资本家人数,土改前工商业资本家人数占全县比重(单位：%),土改前工商业资本家土地面积,土改前工商业资本家土地面积占全县比重(单位：%),土改前工商业资本家户均土地面积,土改前工商业资本家人均土地面积,土改前工商业资本家信息备注,土改前高利贷者户数,土改前高利贷者户数占全县比重(单位：%),土改前高利贷者人数,土改前高利贷者人数占全县比重(单位：%),土改前高利贷者土地面积,土改前高利贷者土地面积占全县比重(单位：%),土改前高利贷者户均土地面积,土改前高利贷者人均土地面积,土改前高利贷者信息备注,土改前半地主式富农户数,土改前半地主式富农户数占全县比重(单位：%),土改前半地主式富农人数,土改前半地主式富农人数占全县比重(单位：%),土改前半地主式富农土地面积,土改前半地主式富农土地面积占全县比重(单位：%),土改前半地主式富农户均土地面积,土改前半地主式富农人均土地面积,土改前半地主式富农备注,土改前富农户数,土改前富农户数占全县比重(单位：%),土改前富农人数,土改前富农人数占全县比重(单位：%),土改前富农土地面积,土改前富农土地面积占全县比重(单位：%),土改前富农户均土地面积,土改前富农人均土地面积,土改前富农信息备注,土改前富裕(上)中农户数,土改前富裕(上)中农户数占全县比重(单位：%),土改前富裕(上)中农人数,土改前富裕(上)中农人数占全县比重(单位：%),土改前富裕(上)中农土地面积,土改前富裕(上)中农土地面积占全县比重(单位：%),土改前富裕(上)中农户均土地面积,土改前富裕(上)中农人均土地面积,土改前富裕(上)中农备注,土改前中农户数,土改前中农户数占全县比重(单位：%),土改前中农人数,土改前中农人数占全县比重(单位：%),土改前中农土地面积,土改前中农土地面积占全县比重(单位：%),土改前中农户均土地面积,土改前中农人均土地面积,土改前中农信息备注,土改前下中农户数,土改前下中农户数占全县比重(单位：%),土改前下中农人数,土改前下中农人数占全县比重(单位：%),土改前下中农土地面积,土改前下中农土地面积占全县比重(单位：%),土改前下中农户均土地面积,土改前下中农人均土地面积,土改前下中农备注,土改前小土地出租者户数,土改前小土地出租者户数占全县比重(单位：%),土改前小土地出租者人数,土改前小土地出租者人数占全县比重(单位：%),土改前小土地出租者土地面积,土改前小土地出租者土地面积占全县比重(单位：%),土改前小土地出租者户均土地面积,土改前小土地出租者人均土地面积,土改前小土地出租者信息备注,土改前小土地经营者户数,土改前小土地经营者户数占全县比重(单位：%),土改前小土地经营者人数,土改前小土地经营者人数占全县比重(单位：%),土改前小土地经营者土地面积,土改前小土地经营者土地面积占全县比重(单位：%),土改前小土地经营者户均土地面积,土改前小土地经营者人均土地面积,土改前小土地经营者信息备注,土改前工商业者户数,土改前工商业者户数占全县比重(单位：%),土改前工商业者人数,土改前工商业者占全县比重(单位：%),土改前工商业者土地面积,土改前工商业者土地面积占全县比重(单位：%),土改前工商业者户均土地面积,土改前工商业者人均土地面积,土改前工商业者信息备注,土改前贫农户数,土改前贫农户数占全县比重(单位：%),土改前贫农人数,土改前贫农人数占全县比重(单位：%),土改前贫农土地面积,土改前贫农土地面积占全县比重(单位：%),土改前贫农户均土地面积,土改前贫农人均土地面积,土改前贫农信息备注,土改前雇农户数,土改前雇农户数占全县比重(单位：%),土改前雇农人数,土改前雇农人数占全县比重(单位：%),土改前雇农土地面积,土改前雇农土地面积占全县比重(单位：%),土改前雇农户均土地面积,土改前雇农人均土地面积,土改前雇农信息备注,土改前手工业者、商贩、自由职业者、工人、贫民等职业户数,土改前手工业者、商贩、自由职业者、工人、贫民等职业户数占全县比重(单位：%),土改前手工业者、商贩、自由职业者、工人、贫民等职业人数,土改前手工业者、商贩、自由职业者、工人、贫民等职业人数占全县比重(单位：%),土改前手工业者、商贩、自由职业者、工人、贫民等总土地面积,土改前手工业者、商贩、自由职业者、工人、贫民等总土地面积占全县比重(单位：%),土改前手工业者、商贩、自由职业者、工人、贫民等户均土地面积,土改前手工业者、商贩、自由职业者、工人、贫民等职业人均土地面积,土改前手工业者、商贩、自由职业者、工人、贫民等职业备注,土改前其他户数,土改前其他户数占全县比重(单位：%),土改前其他人数,土改前其他人数占全县比重(单位：%),土改前其他总土地面积,土改前其他总面积占全县比重(单位：%),土改前其他户均土地面积,土改前其他人均土地面积,土改前其他备注,土改前公有土地(包含祠堂、庙宇、学田等）面积,土改前公有土地(包含祠堂、庙宇、学田等）面积单位,土改前公有土地(包含祠堂、庙宇、学田等）面积占全县比重(单位：%),土改前公有土地(包含祠堂、庙宇、学田等）备注,土改前地主及富农户数,土改前地主及富农户数占全县比重(单位：%),土改前地主及富农人数,土改前地主及富农人数占全县比重(单位：%),土改前地主及富农土地面积,土改前地主及富农土地面积占全县比重(单位：%),土改前地主及富农户均土地面积,土改前地主及富农人均土地面积,土改前地主及富农备注,土改前贫雇农户数,土改前贫雇农户数占全县比重(单位：%),土改前贫雇农人数,土改前贫雇农人数占全县比重(单位：%),土改前贫雇农土地面积,土改前贫雇农土地面积占全县比重(单位：%),土改前贫雇农户均土地面积,土改前贫雇农人均土地面积,土改前贫雇农备注,土改前中农及贫雇农户数,土改前中农及贫雇农户数占全县比重(单位：%),土改前中农及贫雇农人数,土改前中农及贫雇农人数占全县比重(单位：%),土改前中农及贫雇农土地面积,土改前中农及贫雇农土地面积占全县比重(单位：%),土改前中农及贫雇农户均土地面积,土改前中农及贫雇农人均土地面积,土改前中农及贫雇农备注,土改前其他(除地主富农以外)户数,土改前其他(除地主富农以外)户数占全县比重(单位：%),土改前其他(除地主富农以外)人数,土改前其他(除地主富农以外)人数占全县比重(单位：%),土改前其他(除地主富农以外)土地总面积,土改前其他(除地主富农以外)土地总面积占全县比重(单位：%),土改前其他(除地主富农以外)户均土地面积,土改前其他(除地主富农以外)人均土地面积,土改前其他(除地主富农以外)备注,土改前其他(除地主富农贫雇农以外)户数,土改前其他(除地主富农贫雇农以外)户数占全县比重(单位：%),土改前其他(除地主富农贫雇农以外)人数,土改前其他(除地主富农贫雇农以外)人数占全县比重(单位：%),土改前其他(除地主富农贫雇农以外)土地总面积,土改前其他(除地主富农贫雇农以外)土地总面积占全县比重(单位：%),土改前其他(除地主富农贫雇农以外)户均土地面积,土改前其他(除地主富农贫雇农以外)人均土地面积,土改前其他(除地主富农贫雇农以外)备注,土地改革后总信息,土改后全县总户数,土改后全县总人数,土改后全县总人数单位是人或万人,土改后全县土地总面积,土改后全县土地总面积单位,土改后全县户均土地面积,土改后全县人均土地面积,土改后全县总土地占有信息备注,土改后地主户数,土改后地主户数占全县比重(单位：%),土改后地主人数,土改后地主人数占全县比重(单位：%),土改后地主土地面积,土改后地主土地面积占全县比重(单位：%),土改后地主户均土地面积,土改后地主人均土地面积,土改后地主信息备注,土改后工商业资本家户数,土改后工商业资本家户数占全县比重(单位：%),土改后工商业资本家人数,土改后工商业资本家人数占全县比重(单位：%),土改后工商业资本家土地面积,土改后工商业资本家土地面积占全县比重(单位：%),土改后工商业资本家户均土地面积,土改后工商业资本家人均土地面积,土改后工商业资本家信息备注,土改后高利贷者户数,土改后高利贷者户数占全县比重(单位：%),土改后高利贷者人数,土改后高利贷者人数占全县比重(单位：%),土改后高利贷者土地面积,土改后高利贷者土地面积占全县比重(单位：%),土改后高利贷者户均土地面积,土改后高利贷者人均土地面积,土改后高利贷者信息备注,土改后半地主式富农户数,土改后半地主式富农户数占全县比重(单位：%),土改后半地主式富农人数,土改后半地主式富农人数占全县比重(单位：%),土改后半地主式富农土地面积,土改后半地主式富农土地面积占全县比重(单位：%),土改后半地主式富农户均土地面积,土改后半地主式富农人均土地面积,土改后半地主式富农备注,土改后富农户数,土改后富农户数占全县比重(单位：%),土改后富农人数,土改后富农人数占全县比重(单位：%),土改后富农土地面积,土改后富农土地面积占全县比重(单位：%),土改后富农户均土地面积,土改后富农人均土地面积,土改后富农信息备注,土改后富裕(上)中农户数,土改后富裕(上)中农户数占全县比重(单位：%),土改后富裕(上)中农人数,土改后富裕(上)中农人数占全县比重(单位：%),土改后富裕(上)中农土地面积,土改后富裕(上)中农土地面积占全县比重(单位：%),土改后富裕(上)中农户均土地面积,土改后富裕(上)中农人均土地面积,土改后富裕(上)中农备注,土改后中农户数,土改后中农户数占全县比重(单位：%),土改后中农人数,土改后中农人数占全县比重(单位：%),土改后中农土地面积,土改后中农土地面积占全县比重(单位：%),土改后中农户均土地面积,土改后中农人均土地面积,土改后中农信息备注,土改后下中农户数,土改后下中农户数占全县比重(单位：%),土改后下中农人数,土改后下中农人数占全县比重(单位：%),土改后下中农土地面积,土改后下中农土地面积占全县比重(单位：%),土改后下中农户均土地面积,土改后下中农人均土地面积,土改后下中农备注,土改后小土地出租者户数,土改后小土地出租者户数占全县比重(单位：%),土改后小土地出租者人数,土改后小土地出租者人数占全县比重(单位：%),土改后小土地出租者土地面积,土改后小土地出租者土地面积占全县比重(单位：%),土改后小土地出租者户均土地面积,土改后小土地出租者人均土地面积,土改后小土地出租者信息备注,土改后小土地经营者户数,土改后小土地经营者户数占全县比重(单位：%),土改后小土地经营者人数,土改后小土地经营者人数占全县比重(单位：%),土改后小土地经营者土地面积,土改后小土地经营者土地面积占全县比重(单位：%),土改后小土地经营者户均土地面积,土改后小土地经营者人均土地面积,土改后小土地经营者信息备注,土改后工商业者户数,土改后工商业者户数占全县比重(单位：%),土改后工商业者人数,土改后工商业者占全县比重(单位：%),土改后工商业者土地面积,土改后工商业者土地面积占全县比重(单位：%),土改后工商业者户均土地面积,土改后工商业者人均土地面积,土改后工商业者信息备注,土改后贫农户数,土改后贫农户数占全县比重(单位：%),土改后贫农人数,土改后贫农人数占全县比重(单位：%),土改后贫农土地面积,土改后贫农土地面积占全县比重(单位：%),土改后贫农户均土地面积,土改后贫农人均土地面积,土改后贫农信息备注,土改后雇农户数,土改后雇农户数占全县比重(单位：%),土改后雇农人数,土改后雇农人数占全县比重(单位：%),土改后雇农土地面积,土改后雇农土地面积占全县比重(单位：%),土改后雇农户均土地面积,土改后雇农人均土地面积,土改后雇农信息备注,土改后手工业者、商贩、自由职业者、工人、贫民等职业户数,土改后手工业者、商贩、自由职业者、工人、贫民等职业户数占全县比重(单位：%),土改后手工业者、商贩、自由职业者、工人、贫民等职业人数,土改后手工业者、商贩、自由职业者、工人、贫民等职业人数占全县比重(单位：%),土改后手工业者、商贩、自由职业者、工人、贫民等总土地面积,土改后手工业者、商贩、自由职业者、工人、贫民等总土地面积占全县比重(单位：%),土改后手工业者、商贩、自由职业者、工人、贫民等户均土地面积,土改后手工业者、商贩、自由职业者、工人、贫民等职业人均土地面积,土改后手工业者、商贩、自由职业者、工人、贫民等职业备注,土改后其他户数,土改后其他户数占全县比重(单位：%),土改后其他人数,土改后其他人数占全县比重(单位：%),土改后其他总土地面积,土改后其他总面积占全县比重(单位：%),土改后其他户均土地面积,土改后其他人均土地面积,土改后其他备注,土改后公有土地(包含祠堂、庙宇、学田等）面积,土改后公有土地(包含祠堂、庙宇、学田等）面积单位,土改后公有土地(包含祠堂、庙宇、学田等）面积占全县比重(单位：%),土改后公有土地(包含祠堂、庙宇、学田等）备注,土改后地主及富农户数,土改后地主及富农户数占全县比重(单位：%),土改后地主及富农人数,土改后地主及富农人数占全县比重(单位：%),土改后地主及富农土地面积,土改后地主及富农土地面积占全县比重(单位：%),土改后地主及富农户均土地面积,土改后地主及富农人均土地面积,土改后地主及富农备注,土改后贫雇农户数,土改后贫雇农户数占全县比重(单位：%),土改后贫雇农人数,土改后贫雇农人数占全县比重(单位：%),土改后贫雇农土地面积,土改后贫雇农土地面积占全县比重(单位：%),土改后贫雇农户均土地面积,土改后贫雇农人均土地面积,土改后贫雇农备注,土改后中农及贫雇农户数,土改后中农及贫雇农户数占全县比重(单位：%),土改后中农及贫雇农人数,土改后中农及贫雇农人数占全县比重(单位：%),土改后中农及贫雇农土地面积,土改后中农及贫雇农土地面积占全县比重(单位：%),土改后中农及贫雇农户均土地面积,土改后中农及贫雇农人均土地面积,土改后中农及贫雇农备注,土改后其他(除地主富农以外)户数,土改后其他(除地主富农以外)户数占全县比重(单位：%),土改后其他(除地主富农以外)人数,土改后其他(除地主富农以外)人数占全县比重(单位：%),土改后其他(除地主富农以外)土地总面积,土改后其他(除地主富农以外)土地总面积占全县比重(单位：%),土改后其他(除地主富农以外)户均土地面积,土改后其他(除地主富农以外)人均土地面积,土改后其他(除地主富农以外)备注,土改后其他(除地主富农贫雇农以外)户数,土改后其他(除地主富农贫雇农以外)户数占全县比重(单位：%),土改后其他(除地主富农贫雇农以外)人数,土改后其他(除地主富农贫雇农以外)人数占全县比重(单位：%),土改后其他(除地主富农贫雇农以外)土地总面积,土改后其他(除地主富农贫雇农以外)土地总面积占全县比重(单位：%),土改后其他(除地主富农贫雇农以外)户均土地面积,土改后其他(除地主富农贫雇农以外)人均土地面积,土改后其他(除地主富农贫雇农以外)备注,土地改革中没收土地和分配土地总信息,没收土地信息是表格还是文字,没征收表格或文字是全县范围还是典型地区,没收土地信息备注,没收土地总面积,没收土地总面积单位,没收土地总面积占全县比重(单位：%),没征收土地总面积占全县比重备注,从地主没收土地总面积,从地主没收土地总面积占没收土地总面积比重(单位：%),从地主没收土地总面积占全县土地总面积比重(单位：%),从地主没征收土地总面积备注,从半地主式富农没征收土地总面积,从半地主式富农没征收土地总面积占没征收土地总面积比重(单位：%),从半地主式富农没征收土地总面积占全县土地总面积比重(单位：%),从半地主式富农没征收土地总面积备注,从富农没收土地总面积,从富农没收土地总面积占没收土地总面积比重(单位：%),从富农没收土地总面积占全县土地总面积比重(单位：%),从富农没征收土地总面积备注,从工商业资本家没征收土地总面积,从工商业资本家没征收土地总面积占没征收土地总面积比重(单位：%),从工商业资本家没征收土地总面积占全县土地总面积比重(单位：%),从工商业资本家没征收土地总面积备注,从小土地出租和经营者没征收土地总面积,从小土地出租和经营者没征收土地总面积占没征收土地总面积比重(单位：%),从小土地出租和经营者没征收土地总面积占全县土地总面积比重(单位：%),从小土地出租和经营者没征收土地总面积备注,从公田没征收土地总面积,从公田没征收土地总面积占没征收土地总面积比重(单位：%),从公田没征收土地总面积占全县土地总面积比重(单位：%),从公田没征收土地总面积备注,从其他没收土地总面积,从其他没收土地总面积占没收土地总面积比重(单位：%),从其他没收土地总面积占全县土地总面积比重(单位：%),从其他没征收土地总面积备注,从地主富农工商业资本家没征收土地总面积,从地主富农工商业资本家没征收土地总面积占没征收土地总面积比重(单位：%),从地主富农工商业资本家没征收土地总面积占全县土地总面积比重(单位：%),从地主富农工商业资本家没征收土地总面积备注,从地主富农工商业资本家小土地出租和经营没征收土地总面积,从地主富农工商业资本家小土地出租和经营没征收土地总面积占没征收土地总面积比重(单位：%),从地主富农工商业资本家小土地出租和经营没征收土地总面积占全县土地总面积比重(单位：%),从地主富农工商业资本家小土地出租和经营没征收土地总面积备注,从地主富农工商业资本家小土地出租和经营没征收土地总面积,从地主富农工商业资本家小土地出租和经营没征收土地总面积占没征收土地总面积比重(单位：%),从地主富农工商业资本家小土地出租和经营没征收土地总面积占全县土地总面积比重(单位：%),从地主富农工商业资本家小土地出租和经营没征收土地总面积备注,从地主富农工商业资本家小土地出租和经营没征收土地总面积,从地主富农工商业资本家小土地出租和经营没征收土地总面积占没征收土地总面积比重(单位：%),从地主富农工商业资本家小土地出租和经营没征收土地总面积占全县土地总面积比重(单位：%),从地主富农工商业资本家小土地出租和经营没征收土地总面积备注,从地主富农工商业资本家小土地出租和经营公田没征收土地总面积,从地主富农工商业资本家小土地出租和经营公田没征收土地总面积占没征收土地总面积比重(单位：%),从地主富农工商业资本家小土地出租和经营公田没征收土地总面积占全县土地总面积比重(单位：%),从地主富农工商业资本家小土地出租和经营公田没征收土地总面积备注,从地主富农工商业资本家小土地出租和经营公田其他没征收土地总面积,从地主富农工商业资本家小土地出租和经营公田其他没征收土地总面积占没征收土地总面积比重(单位：%),从地主富农工商业资本家小土地出租和经营公田其他没征收土地总面积占全县土地总面积比重(单位：%),从地主富农工商业资本家小土地出租和经营公田其他没征收土地总面积备注,从地主富农公田没征收土地总面积,从地主富农公田没征收土地总面积占没征收土地总面积比重(单位：%),从地主富农公田没征收土地总面积占全县土地总面积比重(单位：%),从地主富农公田没征收土地总面积备注,从地主富农公田其他没征收土地总面积,从地主富农公田其他没征收土地总面积占没征收土地总面积比重(单位：%),从地主富农公田其他没征收土地总面积占全县土地总面积比重(单位：%),从地主富农公田其他没征收土地总面积备注,从地主富农没收土地总面积,从地主富农没收土地总面积占没收土地总面积比重(单位：%),从地主富农没收土地总面积占全县土地总面积比重(单位：%),从地主富农没征收土地总面积备注,从地主富农其他没收土地总面积,从地主富农其他没收土地总面积占没收土地总面积比重(单位：%),从地主富农其他没收土地总面积占全县土地总面积比重(单位：%),从地主富农其他没征收土地总面积备注,分配土地信息是表格还是文字,分配表格或文字是全县范围还是典型地区,分配土地信息备注,分配土地总面积,分配土地总面积单位,分配土地总面积占全县比重(单位：%),分配土地总面积备注,分配中农土地总面积,分配中农土地总面积占分配土地总面积比重(单位：%),分配中农土地总面积占全县土地总面积比重(单位：%),分配中农土地总面积备注,分配贫农土地总面积,分配贫农土地总面积占分配土地总面积比重(单位：%),分配贫农土地总面积占全县土地总面积比重(单位：%),分配贫农土地总面积备注,分配雇农土地总面积,分配雇农土地总面积占分配土地总面积比重(单位：%),分配雇农土地总面积占全县土地总面积比重(单位：%),分配雇农土地总面积备注,分配其他土地总面积,分配其他土地总面积占分配土地总面积比重(单位：%),分配其他土地总面积占全县土地总面积比重(单位：%),分配其他土地总面积备注,分配公田机动田土地总面积,分配公田机动田土地总面积占分配土地总面积比重(单位：%),分配公田机动田土地总面积占全县土地总面积比重(单位：%),分配公田机动田土地总面积备注,分配贫农雇农土地总面积,分配贫农雇农土地总面积占分配土地总面积比重(单位：%),分配贫农雇农土地总面积占全县土地总面积比重(单位：%),分配贫农雇农土地总面积备注,分配贫农雇农中农土地总面积,分配贫农雇农中农土地总面积占分配土地总面积比重(单位：%),分配贫农雇农中农土地总面积占全县土地总面积比重(单位：%),分配贫农雇农中农土地总面积备注,分配贫农雇农其他土地总面积,分配贫农雇农其他土地总面积占分配土地总面积比重(单位：%),分配贫农雇农其他土地总面积占全县土地总面积比重(单位：%),分配贫农雇农其他土地总面积备注,分配贫农雇农中农其他土地总面积,分配贫农雇农中农其他土地总面积占分配土地总面积比重(单位：%),分配贫农雇农中农其他土地总面积占全县土地总面积比重(单位：%),分配贫农雇农中农其他土地总面积备注,土地改革中没收和分配生产资料总信息,没收和分配生产资料信息是表格还是文字,没收和分配生产资料表格或文字是全县范围还是典型地区,没收和分配生产资料备注,土地改革中没收生产资料与财产文字,土地改革中没收生产资料与财产表格,没、征收生产资料和财产信息,没、征收房屋数量（间）,没、征收庄基场面（亩）,没、征收家具数量（件）,没、征收衣物等生活用品（件）,没、征收布匹（包含丝绸、段锦）,没、征收生产资料信息备注,没、征收耕畜数量,没、征收牛数量,没、征收马数量,没、征收骡数量,没、征收驴数量,没、征收家畜数量,没、征收猪数量,没、征收羊数量,没、征收农具数量,没、征收大件农具数量（含车辆、大车等）,没、征收小件农具数量,没、征收其他农具数量,没、征收粮食数量,没、征收粮食数量单位,没、征收粮食数量备注,没、征收棉花数量,没、征收棉花数量单位,没、征收棉花数量备注,没、征收现金数量,没、征收现金是否旧币,没、征收现金数量单位,没、征收现金数量备注,没、征收银元数量（个）,没、征收银元数量备注,没、征收黄金数量（千克）,没、征收黄金数量备注,没、征收白银数量（千克）,没、征收白银数量备注,没、征收所有财产总值 ,没、征收所有财产总值是否旧币,没、征收收所有财产总值备注,分配生产资料和财产信息,分配房屋数量（间）,分配庄基场面（亩）,分配家具数量（件）,分配衣物等生活用品（件）,分配布匹（包含丝绸、段锦）,分配生产资料信息备注,分配耕畜数量,分配牛数量,分配马数量,分配骡数量,分配驴数量,分配家畜数量,分配猪数量,分配羊数量,分配农具数量,分配大件农具数量（含车辆、大车等）,分配小件农具数量,分配其他农具数量,分配粮食数量,分配粮食数量单位,分配粮食数量备注,分配棉花数量,分配棉花数量单位,分配棉花数量备注,分配现金数量,分配现金是否旧币,分配现金数量单位,分配现金数量备注,分配银元数量（个）,分配银元数量备注,分配黄金数量（千克）,分配黄金数量备注,分配白银数量（千克）,分配白银数量备注,分配所有财产总值 ,分配所有财产总值是否旧币,分配收所有财产总值备注
福建省,三明市,明溪县,350421,县志,,农村,是,是,是,否,否,土地改革法颁布后（1950以后),,表格,土改前后土地占有情况表,土改前后都有,全县,,,10808.0000,37758.0000,人,185130.3470,亩,,,,378.0000,,1702.0000,,17416.8610,,,10.2300,,17.0000,,113.0000,,48.8100,,,0.4300,,11.00,,58.00,,157.17,,,2.71,,80.0000,,374.0000,,3456.6050,,,9.2400,,108.0000,,566.0000,,3335.1600,,,5.8900,,,,,,,,,,,3855.0000,,15513.0000,,48190.7690,,,3.1100,,,,,,,,,,,180.0000,,423.0000,,3554.2800,,,8.4000,,,,,,,,,,,,,,,,,,,,5200.0000,,16116.0000,,23718.9010,,,1.4700,,255.0000,,495.0000,,281.1400,,,0.5700,,374.0000,,1312.0000,,361.5400,,,,,350.0000,,1086.0000,,1266.5600,,,1.1700,,83342.98,亩,,文字记载,,,,,,,,,,,,,,,,,,,,,,,,,,,,,,,,,,,,,,,,,,,,,,,10808.0000,37758.0000,人,188848.5140,亩,,5.0000,,378.0000,,1702.0000,,6825.2820,,,,,17.00,,113.00,,48.81,,,,,11.00,,58.00,,213.57,,,,,80,,374,,1687.225,,,,,108.00,,566.00,,3099.24,,,5.47,,,,,,,,,,,3855.0000,,15513.0000,,82964.7900,,,5.3300,,,,,,,,,,,180.00,,423.00,,2694.40,,,,,,,,,,,,,,,,,,,,,,,5200.0000,,16116.0000,,81913.5240,,,5.0800,,255.0000,,495.0000,,2513.0600,,,5.0700,,374.0000,,1312.0000,,1548.7100,,,,,350.0000,,1086.0000,,2052.8050,,,,,3485.30,亩,,,,,,,,,,,,,,,,,,,,,,,,,,,,,,,,,,,,,,,,,,,,,,,,,文字,全县(市),,100516.01,亩,,,,,,,,,,,,,,,,,,,,,,,,,,,,,,,,,,,,,,,,,,,,,,,,,,,,,,,,,,,,,,,,,,,,,,,无详细信息,无详细信息,,,,,,,,,,,,,,,,,,,,,,,,,,,,,,,,,,,,,,,,,,,文字,全县(市),,明溪：全县共征没收地主、富农耕地共100516.005亩，房屋4325.5间、农具14710件、家具5110件、耕牛234.5头、多余粮食308344.5公斤。贫苦农民9010户30888人得益，人均分得耕地3.25亩。,,,4325.5,,5110,,,,,234.5,,,,,,,14710,,,,308344.5,公斤,,,,,,,,,,,,,,,,,,,,,,,,,,,,,,,,,,,,,,,,,,,,,,,,,,,,,,,
山东省,淄博市,沂源县,370323,县志,,农村,是,是,否,是,是,《中国土地法大纲》颁布后（1947年10月-1949年12月）,,文字,土改前土地情况调查表,只有土改前,全县(市),,"，1945年，全县共有
农户49135户，204793人，耕地
495739亩。地主1118户，6554人，占
有耕地88948亩，人均13．57亩；富农
1716户，8903人，占有耕地66519亩，
人均7．47亩；中农9504户，40498
人，占有耕地122692亩，人均3亩；贫
农36797户，148838人+，占有耕地
217580亩，人均1．46亩。地主富农人
口总数仅为农村总人口的7．5％，却
占有全县总耕地面积的31．4％",49135,204793,人,495739,亩,,,,1118,,6554,,88948,,,13.57,,,,,,,,,,,,,,,,,,,,,,,,,,,,,1716,,8903,,66519,,,7.47,,,,,,,,,,,9504,,40498,,122692,,,3,,,,,,,,,,,,,,,,,,,,,,,,,,,,,,,,,,,,,,36797,,148838,,217580,,,1.46 ,,,,,,,,,,,,,,,,,,,,,,,,,,,,,,,,,,,,7.50%,,31.40%,,,,,,,,,,,,,,,,,,,,,,,,,,,,,,,,,,,,,,,,,,,,,,,,,,,,,,,,,,,,,,,,,,,,,,,,,,,,,,,,,,,,,,,,,,,,,,,,,,,,,,,,,,,,,,,,,,,,,,,,,,,,,,,,,,,,,,,,,,,,,,,,,,,,,,,,,,,,,,,,,,,,,,,,,,,,,,,,,,,,,,,,,,,,,,,,,,,,,,,,,,,,,,,,,,,,,,,,,,,,,,,,,,,,,,,,,"1951年春，土
改工作结束。全县共征收、没收地主富
农土地10103亩，房屋1992间，粮食
118281公斤，现金(法币)115．33万
元。全县59户荣誉军人，656户军属、
45户复员军人、300户工属、1217户
赤贫、3237户贫农、1980户下中农分
得了土地和其他财物。",文字,全县(市),,10103,亩,,,,,,,,,,,,,,,,,,,,,,,,,,,,,,,,,,,,,,,,,,,,,,,,,,,,,,,,,,,,,,,,,,,,,,,无详细信息,,,,,,,,,,,,,,,,,,,,,,,,,,,,,,,,,,,,,,,,,,,,文字,全县(市),,"1951年春，土
改工作结束。全县共征收、没收地主富
农土地10103亩，房屋1992间，粮食
118281公斤，现金(法币)115．33万
元。全县59户荣誉军人，656户军属、
45户复员军人、300户工属、1217户
赤贫、3237户贫农、1980户下中农分
得了土地和其他财物。",,,1992,,,,,,,,,,,,,,,,,,118281,公斤,,,,,115.33,否,万元,法币,,,,,,,,,,,,,,,,,,,,,,,,,,,,,,,,,,,,,,,,,,,,,,,
广东省,茂名市,高州市,440981,县志,,农村,是,是,否,否,否,《土地改革法》颁布后（1950年1月以后),,表格,土改前后土改占有情况表,土改前后都有,全县（市）,,#NAME?,182387,806267,人,1066294,亩,,,,5855,3.21%,30316,3.76%,268173,25.15%,,,,,,,,,,,,,,,,,,,,,,,,,,,,,,,3502,1.92%,26284,3.26%,56193,5.27%,,,,,,,,,,,,,41384,22.69%,235108,29.16%,167622,15.72%,,,,,,,,,,,,,,,,,,,,,,,,,,,,,,,,,,,,,,,,93947,51.51%,408132,50.62%,116973,10.97%,,,,26081,14.30%,79498,9.86%,12582,1.18%,,,,,,,,,,,,,11618,6.37%,26929,3.34%,14608,1.37%,,,,430143,亩,,,,,,,,,,,,,,,,,,,,,,,,,,,,,,,,,,,,,,,,,,,,,,,,#NAME?,182387,806267,人,1066295,亩,,,,5855,3.21%,30316,3.76%,34975,3.28%,,,,,,,,,,,,,,,,,,,,,,,,,,,,,,,3502,1.92%,26284,3.26%,46064,4.32%,,,,,,,,,,,,,41384,22.69%,235108,29.16%,319995,30.01%,,,,,,,,,,,,,,,,,,,,,,,,,,,,,,,,,,,,,,,,93947,51.51%,408132,50.62%,507343,47.58%,,,,26081,14.30%,79498,9.86%,98419,9.23%,,,,,,,,,,,,,11618,6.37%,26929,3.34%,58859,5.52%,,,,640,亩,0.06%,,,,,,,,,,,,,,,,,,,,,,,,,,,,,,,,,,,,,,,,,,,,,,,,无详细信息,,,,,,,,,,,,,,,,,,,,,,,,,,,,,,,,,,,,,,,,,,,,,,,,,,,,,,,,,,,,,,,,,,,,,,,,,,,,,,,,,,,,,,,,,,,,,,,,,,,,,,,,,,,,,,,,,,,,,,"全县共没收了房屋169107.5间，没收、征收耕牛
42675头，农具69268件。余粮6018.7吨，这些果实也被分配到农民手中",文字,全县(市),,,,,169107.5,,,,,,,42675,,,,,,,69268,,,,6018.7,吨,,,,,,,,,,,,,,,,,,,,,,,,,,,,,,,,,,,,,,,,,,,,,,,,,,,,,,,
北京市,,丰台区,110606,县志,丰台区于1949年冬土地改革时，大体属4个区县管辖。,郊区,是,是,无信息,无信息,无信息,《中国土地法大纲》颁布后（1947年10月-1949年12月）,,文字+表格,土改前后土改占有情况表,土改前后都有,全县(市),1958年统计包括石景山地区,,36336,156743,人,308340,亩,,2,,1186,3.20%,7067,4.50%,86243,27.90%,,12,,,,,,,,,,,,,,,,,,,,,,,,,,,,,858,2.40%,5719,3.70%,49423,16%,,8.6,,,,,,,,,,,10349,28.50%,50072,31.90%,112693,36.60%,,2.3,,,,,,,,,,,,,,,,,,,,,,,,,,,,,,,,,,,,,,13548,37.30%,51089,32.60%,46049,14.90%,,0.9,,724,2%,3594,2.30%,1437,0.50%,,0.4,,,,,,,,,,,9671,26.60%,39202,25%,12495,4.10%,,0.319,,,,,,,,,,,,,,,,,,,,,,,,,,,,,,,,,,,,,,,,,,,,,,,,,,,,36336,156743,人,308340,亩,,2,,1186,3.20%,7067,4.50%,14134,4.60%,,2,,,,,,,,,,,,,,,,,,,,,,,,,,,,,858,2.40%,5719,3.70%,20003,6.50%,,3.5,,,,,,,,,,,10349,28.50%,50072,31.90%,112693,36.50%,,2.3,,,,,,,,,,,,,,,,,,,,,,,,,,,,,,,,,,,,,,13548,37.30%,51089,32.60%,140419,45.50%,,2.7,,724,2%,3594,2.30%,10063,3.30%,,2.8,,,,,,,,,,,9671,26.60%,39202,25%,11028,3.60%,,0.281,,,,,,,,,,,,,,,,,,,,,,,,,,,,,,,,,,,,,,,,,,,,,,,,,,,,文字,部分县(若干个乡/村),,45005.87,亩,,"全区（十五）共没收征收土地36723.87亩
十八区共没收、征收土地8282亩",,,,,,,,,,,,,,,,,,,,,,,,,,,,,,,,,,,,,,,,,,,,,,,,,,,,,,,,,,,,,,,,,,,,,无详细信息,,,,,,,,,,,,,,,,,,,,,,,,,,,,,,,,,,,,,,,,,,,,文字,部分县(若干个乡/村),,全区（第十五区)共没收征收土地36723.87亩(包括非本区地主，富农在区的土地)，房屋3103间，粮食31159公斤(折玉米)，牲畜292头，大车236辆，手推车57辆，水车431架，普通农具14634件，草5千公斤。全区（第十八区）没收、征收土地8282亩，没收和征收的土地除留给地主、农场、部队外，有868户、3 414分到土地6940.7亩；没收地主房屋592间，农具1368件(包括水车6架)，牲口12头，粮食49971.5公斤，干草1800公斤，肥料47车，碾磨18盘。,,,3695,,,,,,304,,,,,,,,16002,667,,,81130.5,公斤,,,,,,,,,,,,,,,,,,,,,,,,,,,,,,,,,,,,,,,,,,,,,,,,,,,,,,,
